"artist","artist_id"
"Donald Byrd",1
"Grant Green",2
"Gene Ammons",3
"Hubert Laws",4
"Elvin Jones",5
"Joe Henderson",6
"Freddie Hubbard",7
"Stanley Turrentine",8
"Herbie Hancock",9
"Ron Carter",10
"Jack DeJohnette",11
"Eric Gale",12
"Gerry Mulligan",13
"Chet Baker",14
"Horace Silver",15
"The Ornette Coleman Trio",16
"Mel Powell",17
"Dianne Reeves",18
"Fuse One",19
"The Modern Jazz Quartet",20
"George Benson",21
"Various",22
"Sonny Rollins",23
"DJ Pogo",24
"Roy Haynes",25
"Phineas Newborn*",26
"Paul Chambers (3)",27
"Thelonious Monk",28
"Kenny Burrell",29
"Art Blakey And The Jazz Messengers*",30
"Bill Evans",31
"Deodato*",32
"New York Jazz Quartet",33
"George Benson Guest: Hubert Laws",34
"Esther Phillips",35
"Joe Farrell",36
"Patti Austin",37
"David Matthews*",38
"Whirlwind",39
"Hank Crawford",40
"Pee Wee Russell",41
"George Wein",42
"The Newport All-Stars",43
"Charles Tyler",44
"Jack Walrath",45
"Jim McNeely",46
"Joe Chambers",47
"Friends*",48
"Yoshiaki Masuo",49
"McCoy Tyner",50
"Elvin Jones = McCoy Tyner Quintet*",51
"Benny Golson",52
"Urszula*",53
"Harumi Kaneko",54
"Abdullah Ibrahim",55
"Dollar Brand",56
"The New York Jazz Quartet*",57
"CTI All Stars*",58
"Buster Williams",59
"Either/Orchestra",60
"Charles Fambrough",61
"Christopher Hollyday",62
"Milton Nascimento",63
"Jackie McLean",64
"Hank Jones",65
"Larry Coryell",66
"Flip Phillips",67
"Bill O'Connell",68
"Elvin Jones and George Mraz",69
"Steve Grossman + Cedar Walton Trio",70
"Benny Green",71
"The Teodross Avery Quartet",72
"Grover Washington, Jr.",73
"Barney Wilen Quartet",74
"The N.Y. Hardbop Quintet",75
"Keiji Matsushima",76
"Claude Williamson Trio*",77
"Steve Turre",78
"Summit Reunion",79
"CTI All-Stars",80
"Bill Crow Quartet",81
"Scott Whitfield",82
"The Pratt Brothers Big Band*",83
"Junko Moriya",84
"Roni Ben-Hur Trio",85
"Renee Rosnes",86
"The Bill Crow Quartet*",87
"Barry Harris Trio",88
"Mike LeDonne",89
"Eric Alexander Quartet",90
"The Seatbelts = シートベルツ*",91
"Cedar Walton",92
"Steve Nelson Quartet",93
"Harris*",94
"Moran*",95
"Osby*",96
"Shim*",97
"Boston Brass",98
"Hideaki Yoshioka",99
"Arthur Taylor*",100
"Chris Connor",101
"Houston Person",102
"Santi Debriano",103
"Teddy Edwards",104
"Eric Alexander",105
"Vincent Herring",106
"Plas Johnson",107
"Red Holloway",108
"The Don Sickler Quintet*",109
"Charles Earland Tribute Band",110
"Charles Earland",111
"Joey DeFrancesco",112
"George Coleman",113
"Jim Hall",114
"New Stories",115
"David "Fathead" Newman",116
"Reuben Wilson",117
"Stan Hope",118
"Bill Charlap",119
"Louis Hayes And The Cannonball Legacy Band*",120
"John Hicks",121
"Frank Morgan",122
"Meredith d'Ambrosio*",123
"Larry Willis Trio",124
"Terry Plumeri",125
"Tom Harrell",126
"Freddy Cole",127
"The Bill Charlap Trio",128
"Jim Snidero",129
"Jeff Hackworth",130
"Joe Beck",131
"Larry Willis",132
"Bobby Hutcherson",133
"Scott Hamilton",134
"Friends",135
"Jon Irabagon",136
"Jeremy Pelt",137
"The CTI Jazz All-Star Band*",138
"Christian Scott (2)",139
"Rob Mostert",140
"Massimo Faraò",141
"Cecilia Coleman Big Band",142
"Harold Mabern",143
"John Coltrane",144
"The Seatbelts",145
"Seatbelts*",146
"Yoko Kanno",147
"Fletcher Henderson",148
"Eric Dolphy",149
"Ted Lewis And His Orchestra",150
"Edwin Franko Goldman",151
"The Goldman Band",152
"Fritz Lehmann",153
"Bach*",154
"Dietrich Fischer-Dieskau",155
"Elfride Trötschel",156
"Diana Eutrati*",157
"Friedrich Haertel",158
"Helmut Krebs",159
"Boys Choir Of St. Hedwig's Cathedral*",160
"Orchestra Of The Berlin Radio*",161
"Chorus Of The Berlin Radio*",162
"Beethoven*",163
"Akademie Kammerchor*",164
"Vienna symphony Orchestra* Conductor Prof. R. Moralt*",165
"Gluck*",166
"Alice Raveau",167
"Sonny Stitt",168
"Franklyn MacCormack",169
"Lennie Tristano",170
"Clifford Brown",171
"Thelonious Monk Trio",172
"Urbie Green Septet*",173
"George Feyer",174
"Weber*",175
"Friedrich Wuehrer*",176
"Pro Musica Symphony Vienna*",177
"Hans Swarowsky",178
"J.J. Johnson",179
"Kai Winding",180
"Benny Green*",181
"Willie Dennis",182
"Bud Powell",183
"Jimmy Raney Quartet",184
"The Lee Brothers (2)",185
"Julius Watkins Sextet",186
"Miles Davis Quintet*",187
"Thelonious Monk Quintet*",188
"Sonny Rollins Quintet",189
"Kenny Dorham",190
"King Pleasure",191
"Miles Davis",192
"Carl Orff",193
"Heinrich Hollreiser",194
"Wilbert Harrison",195
"Bob Brookmeyer Quartet*",196
"Milt Jackson Quintet",197
"Friedrike Sailer*",198
"Johannes Feyerabend",199
"Bruno Mueller*",200
"Pro Musica Orchestra",201
"Stuttgart* Conducted By Rolf Reinhardt",202
"The Billy Taylor Trio* And Candido",203
"Sal Salvador Quintet",204
"The Miles Davis Sextet",205
"The Gil Mellé Quartet*",206
"Lou Mecca",207
"Jay*",208
"Kai*",209
"Tal Farlow Quartet*",210
"The Frank Foster Quintet",211
"Art Farmer And His Band*",212
"Teddy Charles West Coasters*",213
"Wardell Gray",214
"Teddy Charles New Directions*",215
"Billy Taylor Trio",216
"Kenny Clarke",217
"Erroll Garner",218
"Billy Taylor",219
"John Mehegan",220
"Bud Freeman Quintet",221
"Ruby Braff",222
"Bobby Sherwood And His Orchestra",223
"John Mehegan Trio",224
"Jerri Winters",225
"Sidney Bechet",226
"Mozart*",227
"Guiomar Novaes",228
"Freddie Redd",229
"The Milt Jackson Quartet",230
"Jimmy Raney",231
"Bobby Scott",232
"Wally Cirillo",233
"Ernie Wilkins",234
"Hazel Scott",235
"Milt Jackson Quartet*",236
"Jay* And Kai*",237
"Hank Mobley Quartet",238
"The Joe Roland Quintet",239
"Gil Mellé Quintet",240
"Don Butterfield",241
"Elmo Hope Quartet And Quintet*",242
"Richard Strauss",243
"Julian "Cannonball" Adderley*",244
"Nat Adderley",245
"Jerome Richardson",246
"Stan Getz",247
"The Billy Taylor Trio*",248
"Duke Jordan",249
"Miles Davis Quartet*",250
"Frank Wess",251
"Eddie Jones",252
"Gene Ammons All Stars*",253
"Eddie Bert",254
"James Moody",255
"Sonny Rollins And Thelonious Monk",256
"Arnold Goldberg",257
"Al Collins*",258
"Ray McKinley's Orchestra* Arr. By Eddie Sauter",259
"Phil Woods New Jazz Quintet",260
"Jon Eardley",261
"Horace Silver Quintet*",262
""Wild Bill" Davison* And Art Hodes",263
"Horace Silver And The Jazz Messengers*",264
"Charles Mingus",265
"Thad Jones",266
"Prokofiev*",267
"Britten*",268
"Brandon De Wilde",269
"Pro Musica Symphony",270
"Vienna*",271
"Urbie Green",272
"Herb Zane And Orchestra*",273
"Richard Dyer-Bennet",274
"Jay Jay Johnson*",275
"Dizzy Gillespie",276
"The Australian Jazz Quartet",277
"Phil Urso",278
"Teddy Charles N. D. Quartet* Introducing J. R. Montrose*",279
"Marian McPartland",280
"Joe Bushkin",281
"Miles Davis All Stars",282
"Milt Jackson",283
"Paris Philharmonia Orchestra*",284
"Jascha Horenstein",285
"Bennie Green Sextet",286
""Wild Bill" Davison* and Art Hodes",287
"George Lewis And His New Orleans Stompers",288
"Art Farmer",289
"Chopin*",290
"Pergolesi*",291
"Boccherini*",292
"Camillo Wanausek ",293
"Flute",294
"Charles Adler*",295
"Michael Gielen",296
"Varetta Dillard",297
"La Vergne Smith",298
"Herbie Nichols",299
"Lee Konitz",300
"Tristano*",301
"Marsh*",302
"Bauer*",303
"Charlie Parker",304
"Chuz Alfred",305
"Ola Hanson",306
"Chuck Lee",307
"Vinnie Burke",308
"Bob Brookmeyer",309
"Bud Freeman",310
"Eddie Costa W/ Vinnie Burke",311
"Red Allen* – Cozy Cole – Charlie Shavers",312
"Jimmy Scott",313
"John Lewis (2)",314
"Percy Heath",315
"Lou Donaldson And The Thelonious Monk Quintet",316
"Wild Bill Davison",317
"Howard McGhee",318
"Julian "Cannon Ball" Adderley*",319
"Charles Mingus Sextet",320
"Mike Cuozzo",321
"Elmo Hope",322
"Friedrich Wührer",323
"Pro Musica Orchestra Vienna*",324
"Quincy Jones And His Band*",325
"Billy Bauer Quartet",326
"Don Marino Barreto Jr. And His Cuban Orchestra",327
"Punch Miller",328
"Mutt Carey",329
"The New Miles Davis Quintet*",330
"Art Blakey",331
"Lou Donaldson",332
"Bernie Privin And His Orchestra",333
"Jimmy Smith",334
"Billie Holiday",335
"Nassau Jazz Band",336
"Woody Herman",337
"Jazz At The Philharmonic",338
"Ferko String Band*",339
"Johnny Griffin",340
"Richard Wagner",341
"Rhineland Symphony Orchestra Conductor Alfred Federer",342
"Johnny Janis",343
"Gabor Radics And His Family*",344
"Art Pepper",345
"Oscar Peterson",346
"Beethoven* − Friedrich Wührer",347
"Woods*",348
"Byrd*",349
"Nappy Brown",350
"Dvorak*",351
"Smetana*",352
"Trio Di Bolzano",353
"The Red Garland Trio",354
"Paul Chambers (3) And Art Taylor",355
"Phil Woods Quartet*",356
"Johnny Green And His Orchestra",357
"Buddy Clark (3)",358
"Bob Banks*",359
"Ludwig van Beethoven",360
"Clemens Krauss",361
"Babs Gonzales Sings",362
"The Jimmy Smith Trio*",363
"Phineas Newborn Jr.",364
"Ray Marco",365
"Liszt*",366
"Enesco* – Sinfonietta De Vienne*",367
"Ernst Graf",368
"Charlie Mariano",369
"Count Basie",370
"Cal Tjader",371
"Don Elliott",372
"Bennie Green",373
"Joe Williams",374
"Schumann*",375
"Schubert*",376
"Gaspar Cassado*",377
"Bamberg Symphony*",378
"Jonel Perlea",379
"The Jive Bombers",380
"The Incredible Jimmy Smith*",381
"Claire Coci",382
"Henry Coker",383
"Bill Hughes (2)",384
"Jimmy Cleveland",385
"Benny Powell",386
"The Art Farmer Septet",387
"Hal Stein",388
"Warren Fitzgerald (2)",389
"The Quartet*",390
"Lester Young",391
"Marlene*",392
"Slam Stewart",393
"Randy Weston Trio Plus Cecil Payne",394
"Cy Walter",395
"George Wallington Quintet",396
"Mort Herbert",397
"Earl Coleman",398
"Tadd Dameron",399
"Hamp Hawes*",400
"James Moody And His Band",401
"Modern Jazz Quartet*",402
"Sol Yaged",403
"José Valdes Y Los Embajadores",404
"Little Jimmy Scott*",405
"Sam Gary",406
"Emil Gilels",407
"Moscow Philharmonic Orchestra",408
"Teddy Charles",409
"Shorty Rogers",410
"Shelley Manne*",411
"Jimmy Giuffre",412
"Lee Morgan",413
"Hank Mobley's Quintet*",414
"Zoot Sims",415
"Kenny Dorham And Max Roach",416
"Terry Morel",417
"Barbara Lea",418
"Art Farmer Quintet",419
"Gigi Gryce",420
"Hank Mobley",421
"Doug Watkins",422
"John La Porta*",423
"Ronnie Ball",424
"Wendell Marshall",425
"Kai* And Jay*",426
"Strings*",427
"The Randy Weston Trio*",428
"Gil Melle Quartet*",429
"Charlie Mingus*",430
"Teo Macero",431
"Gene Krupa",432
"Gene Krupa And His Orchestra",433
"The George Wallington Trio*",434
"Frank Foster",435
"Joe Roland",436
"Joe Wilder",437
"Farmer*",438
"Jackie McLean Quintet Introducing Bill Hardman",439
"Herbie Nichols Trio",440
"The Trio (9)",441
"Wendell Marshall And Kenny Clarke",442
"Haydn*",443
"Helma Elsner",444
"Reinhold Barchet",445
"Pro Musica Chamber Orchestra",446
"Stuttgart*",447
"Rolf Reinhardt",448
"Moondog (2)",449
"Gil Melle*",450
"The Gigi Gryce Orchestra",451
"The Gigi Gryce Quartet",452
"Sonny Rollins Quartet",453
"Art Blakey Quintet",454
"Freddie Green",455
"Phil Woods Septet",456
"Milt Buckner",457
"Bobby Banks*",458
"Vin Strong",459
"Jutta Hipp",460
"Debussy*",461
"Joseph Haydn",462
"Pro Musica Chamber Orchestra Stuttgart*",463
"Elmo Hope Sextet",464
"Bobby Banks Trio",465
"Ben Pollack And His Pick-A-Rib Boys",466
"The Paul Smith Trio And Quartet*",467
"Rouse-Watkins Jazz Modes*",468
"Gene Quill-Dick Sherman Quintet",469
"Art Blakey And Kenny Drew",470
"Doug Duke",471
"Oscar Pettiford",472
"Ketter Betts*",473
"Rudy Williams",474
"Charlie Rice",475
"George Wallington",476
"Gabor Radics Family Orchestra*",477
"The Jackie McLean Quintet*",478
"Donald Byrd And Elmo Hope",479
"Billy Butterfield And The Essex Five",480
"MJQ*",481
"Mundell Lowe",482
"Teddy Charles And Jimmy Raney",483
"Miles Davis And Milt Jackson",484
"Al Cohn",485
"Allen Eager",486
"Brew Moore",487
"Al Caiola And His Magic Guitar*",488
"Al Caiola",489
"Carmen Barros",490
"The Jazz Messengers*",491
"Red Garland Trio*",492
"Phil Woods",493
"Billy Eckstine",494
"Curtis Fuller",495
"Olivier Messiaen",496
"Yvonne Loriod",497
"Mechislav Karlovich*",498
"Alexei Machavariani*",499
"Roland Rock And His Orchestra",500
"Kenny Burrell Quintet*",501
"Illinois Jacquet",502
"The Cadet Glee Club West Point*",503
"Art Tatum",504
"Red Rodney",505
"Hank Mobley Quintet*",506
"Sonny Clark",507
"Lou Donaldson Quintet",508
"Hank Mobley Sextet",509
"Lazar Sarian*",510
"Alexander Spendiarov*",511
"Armenian Philharmonic Symphony*",512
"Chausson*",513
"Foerster*",514
"Igor Bezrodny",515
"Leclair*",516
"Camillo Wanausek",517
"Pro Music Chamber Orchestra",518
"Paul Angerer",519
"Alexander Borovsky",520
"Teddy Wilson",521
"The Miles Davis Quintet",522
"The Ravens (2) Starring Ricky*",523
"The Basie Band*",524
"Idrees Sulieman",525
"Webster Young",526
"Bobby Jaspar",527
"Mal Waldron",528
"Art Taylor",529
"Marcel Couraud",530
"Georges Bizet",531
"Marcel Couraud Conducting Bamberger Symphoniker",532
"Bert Buhrman",533
"Gianni Monese Et Son Orchestre*",534
"International Folk Music Council",535
"Charlie Byrd",536
"Fats Navarro",537
"Shelly Manne",538
"Brahms*",539
"Strauss*",540
"Joseph Schuster",541
"Goldmark*",542
"Bronislaw Gimpel",543
"Southwest German Radio Orchestra (Baden-Baden)*",544
"The Prestige All Stars",545
"Mal Waldron Quintet",546
"Gigi Gryce And Idrees Sulieman",547
"Paul Quinichette",548
"The Yusef Lateef Quintet",549
"The Little Orchestra Society",550
"Thomas Scherman",551
"Yusef Lateef",552
"Dorothy Ashby",553
"Sabu*",554
"The George Wallington Quintet*",555
"Billy Holiday*",556
"The Horace Silver Quintet",557
"John Jenkins (2)",558
"Squire Mason",559
"His Orchestra",560
"Joe Carroll",561
"Curly Russell",562
"Ray Copeland",563
"Herbie Mann",564
"Los Indios Taba-Jaras*",565
"Sahib Shihab ",566
"And Bill Hardman",567
"Eydie Gormé",568
"Hal McKusick",569
"Don Bagley",570
"Gene Quill",571
"Dexter Gordon",572
"Barney Kessel",573
"Sonny Criss",574
"Hampton Hawes",575
"Harry Babison*",576
"Ernie Royal",577
"Charlie Shavers",578
"Emmet Berry*",579
"Harold Baker",580
"Fingers Finnegan",581
"Jackie",582
"Roy",583
"Charlie Ventura's Band",584
"Andre Hodeir*",585
"Joe Roland Et Son Orchestre*",586
"Wild Bill Davison And His Band And Bill Stafford And His Band",587
"Schoenberg*",588
"Symphony Orchestra Of Southwest German Radio*",589
"André Hodeir And The Jazz Group Of Paris*",590
"The Prestige Jazz Quartet",591
"Max Roach",592
"Don Byas",593
"The Octet (2)",594
"Billy Ver Planck And His Orchestra*",595
"Cliff Jordan*",596
"Borodin*",597
"Endres Quartet*",598
"Hall Overton",599
"A.K. Salim",600
"John Gilmore",601
"Donald Byrd And Lee Morgan",602
"Gil Evans",603
"Herbie Mann And Bobby Jaspar",604
"Arthur Godfrey",605
"Red Garland",606
"Mildred Bailey",607
"Johnny Keating*",608
"Mose Allison",609
"Big Maybelle",610
"Adelaide Robbins",611
"Barbara Carroll",612
"Roy Eldridge",613
"Benny Carter",614
"Cecil Payne",615
"Charlie Kennedy",616
"Charlie Ventura",617
"Paul Chambers Sextet",618
"Joe Newman",619
"Freddie Greene*",620
"Ed Thigpen",621
"Gus Johnson",622
"Ronnell Bright",623
"Leonard Gaskin",624
"Tal Farlow",625
"Ray Draper Quintet*",626
"Paul Chambers Quartet",627
"Sahib Shihab",628
"Frank Socolow",629
"The Art Farmer Quintet*",630
"Ernie Wilkins' Orch.*",631
"Paul Smith (5)",632
"Randy Weston",633
"Alfred Brendel",634
"J.R. Monterose",635
"Serge Chaloff",636
"The Modern Jazz Sextett*",637
"Liadov*",638
"Balakirev*",639
"Mary Ann McCall",640
"The Vienna Festival Orchestra*",641
"The Three Sounds",642
"Kenny Dorham Quintet*",643
"The Eddie "Lockjaw" Davis Quintet",644
"Ruff",645
"Reddy (5)",646
"Tommy Edwards",647
"Wess*",648
"Coltrane*",649
"Quinichette*",650
"Willy Ley",651
"Ray Bryant",652
"Antonio Tain Y Los Banderillos",653
"Seldon Powell",654
"The Famous Ward Singers*",655
"Fritz Mareczek And His Orchestra",656
"Shirley Scott Trio",657
"Bill Harris",658
"Pepper Adams",659
"Eddie Costa",660
"George Duvivier",661
"Billy Ver Planck*",662
"Frankie And The Echoes*",663
"Herb Shriner",664
"John A. Davis, Jr.",665
"Jazz In The Classroom",666
"Geo. Wallington*",667
"Julius Watkins",668
"Dave Amram*",669
"Antonio Tain His Trumpet And His Orchestra*",670
"His Orchestra*",671
"The Temptations (5)",672
"Niccolò Paganini",673
"Alexander Glazunov",674
"Joe Turner*",675
"Don Marino Barreto Jr.",676
"Gianni Monese",677
"Heinz Sandauer",678
"Corelli*",679
"Alberto Poltronieri",680
"Tino Bacchetta*",681
"Mario Gusella",682
"E.Giordano-Sartori*",683
"Art Blakey's Jazz Messengers*",684
"Brownie McGhee And Sonny Terry*",685
"Yuri Kasakov*",686
"Mikhail Rozhkov*",687
"Symphony Orchestra Of The Moscow Region*",688
"Veronica Dudarova",689
"State Radio Orchestra Of Folk Instruments*",690
"Victor Smirnov*",691
"Ken Davern And His Salty Dogs",692
"Mendelssohn*",693
"Orazio Frugoni",694
"Annarosa Taddei",695
"Vienna Symphony Orchestra*",696
"Rudolf Moralt",697
"Pro Musica Orchestra*",698
"Franz Liszt",699
"Chorus* And Symphony Orchestra Of The Southwest German Radio",700
"Baden-Baden*",701
"The Ray Draper Quintet",702
"Glinka*",703
"Bamberger Symphoniker",704
"The Jazz Messengers",705
"Don Costa's Free Loaders",706
"Gene Ammons' All Stars",707
"Coleman Hawkins",708
"Pete Johnson",709
"Vivaldi*",710
"Gaspar Cassadó",711
"Ingrid Haebler",712
"Vienna Symphony Orchestra* Conductor Karl Melles*",713
"Billy Hope And The Badmen",714
"Eddie "Lockjaw" Davis",715
"Shirley Scott And Jerome Richardson",716
"The Roberta Martin Singers*",717
""Little Anthony" Guardine And The Duponts*",718
"Wilbur Harden",719
"Tommy Flanagan",720
"Louis Hayes",721
"Steve Lacy",722
"Chorus Of The Black Sea Cossacks*",723
"The Hightower Brothers",724
"Dizzy Reece",725
"Tiny Grimes",726
"J.C. Higginbotham",727
"Cannonball Adderley",728
"Sonny Clark Trio",729
"Raymond Lewenthal",730
"The Red Garland Quintet",731
"Tommy Flanagan Trio",732
"Mahler*",733
"Hans Rosbaud",734
"Rakov*",735
"Igor Oistrakh*",736
"Louis Smith (2)",737
"Annie Ross",738
"Paul Chambers Quintet",739
"Buck Clayton",740
"Shad Collins",741
"Jack Washington",742
"Jo Jones",743
"Nat Pierce",744
"The Lon Norman Sextet",745
"Alberto Caroldi",746
"Gli Accademici Di Milano",747
"Piero Santi",748
"Eddie Davis*",749
"Dorothy Ashby And Frank Wess",750
"The Prestige Blues-Swingers",751
"Bobby Donaldson's 7th Avenue Stompers",752
"Wolfgang Marschner",753
"Antonio Vivaldi",754
"Virginio Bianchi",755
"The Famous Davis Sisters*",756
"Charlie Rouse",757
"George Duning",758
"Sonny Redd*",759
"George Tucker",760
"New York Percussion Trio",761
"Al Smith (8)",762
"Coleman Hawkins Quintet",763
"Antonio Tain Y Su Orquestra",764
"Shirley Scott",765
"Ellegaard*",766
"Handel:* Narrator Arthur Haynes",767
"Wolfgang Amadeus Mozart",768
"The Main Street Concert Band",769
"Hal Singer Quintet",770
"Rosa Rio "The Fair Lady Of The Organ"*",771
"Felix Mendelssohn*",772
"Joey Emma",773
"Hans Swarowsky Conducting Vienna State Opera Orchestra*",774
"Telemann Society Orchestra",775
"Grieg*",776
"Edouard Van Remoortel",777
"Tchaikovsky*",778
"Vienna Festival Orchestra* ",779
"Conducted By Victor Desarzens",780
"Stravinsky*",781
"Berg*",782
"Ivry Gitlis",783
"Clara Ward And The Famous Ward Singers*",784
"Yusef Lateef And His Jazz Quintet*",785
"Walter Davis Jr.",786
"Benny Golson Quintet",787
"Johannes Brahms",788
"Eduard Strauss And His Orchestra",789
"Artur Rodzinski",790
"Johann Sebastian Bach",791
"Bobby Webb",792
"Orchestra Of The Wiener Volksoper* Conductor Paul Angerer",793
"Musikkorps Des Wachbataillons*",794
"Major Deisenroth*",795
"Berlioz*",796
"Rachmaninoff*",797
"Felicja Blumental",798
"Vienna State Opera Orchestra*",799
"Curtis Fuller's Quintet",800
"Sonny King (2)",801
"John Coltrane And Paul Quinichette",802
"Bill Jennings",803
"Locatelli*",804
"Susi Lautenbacher*",805
"Mainz Chamber Orchestra*",806
"Gunter Kehr*",807
"J. Horenstein*",808
"Josef Schuster*",809
"Pyotr Ilyich Tchaikovsky",810
"Bobby Donaldson",811
"Rossini*",812
"Bamberg Symphony Orchestra*",813
"Willis Jackson Quintet",814
"Lem Winchester",815
"Bobby Brack Trio",816
"Hal Singer",817
"Handel*",818
"The Modern Jazz Disciples",819
"Wiener Volksopernorchester",820
"Michæl Gielen*",821
"Arnett Cobb",822
"Frédéric Chopin",823
"The Amazing Bud Powell*",824
"Arnett Cobb And Eddie "Lockjaw" Davis",825
"Johnny "Hammond" Smith*",826
"Members Of The Hungarian Quintet*",827
"Dvořák*",828
"Bettini And His Orchestra",829
"Hector Berlioz",830
"Musique Des Gardiens De La Paix De Paris*",831
"Désiré Dondeyne",832
"Buddy Tate",833
"Friederike Sailer",834
"Margarete Bence*",835
"Fritz Wunderlich",836
"Erich Wenk",837
"Swabian Chorale*",838
"Orchestra Of The 35th German Bach-Festival*",839
"Hans Grischkat",840
"Marian Williams*",841
"Bruckner*",842
"Symphony Orchestra Of The Southwest German Radio",843
"Billy Randall",844
"Phineas Newborn* | Paul Chambers (3)",845
"Trio*",846
"Oliver Nelson",847
"Orchestre Militaire",848
"The Engel Family And The Engel Children*",849
"Nina Simone",850
"The Strangers (10)",851
"Ike Quebec",852
"Sonny Red",853
"Horace Parlan",854
"Patty",855
"Peter",856
"Jimmy Smith At The Organ*",857
"Walt Gifford's New Yorkers",858
"The 3 Sounds*",859
"The Enchanters*",860
"Mr. B.*",861
"Norman Foster",862
"The Raymond Rasberry Singers",863
"Tina Brooks",864
"Peter Yorke And The Sapphire Strings*",865
"Josquin Des Pres*",866
"The Dessoff Choirs*",867
"Paul Boepple",868
"Al Sears",869
"The Propheteers",870
"Coleman Hawkins All Stars",871
"Joe Thomas (4)",872
"Vic Dickenson",873
"The Red Garland Trio + Eddie "Lockjaw" Davis",874
"Mildred Anderson",875
"The Swingville All-Stars*",876
"Taft Jordan",877
"Hilton Jefferson",878
"The Highwaymen*",879
"Eva Hölderlin",880
"Henry Hansen And His Orchestra*",881
"Horace Parlan Quintet",882
"Tampa Red",883
"Freddie Redd Quartet",884
"Lem Winchester Sextet",885
"Walter Kraft",886
"The Curtis Fuller Sextette*",887
"The John Wright Trio",888
"R. Strauss*",889
"The Boston Wind Ensemble",890
"Eric Simon",891
"Ray Bryant Trio",892
"Duke Pearson",893
"Gigi Gryce Quintet",894
"Telemann*",895
"The Telemann Society* Dir. R. Schulze*",896
"Larry Young",897
"Eddie "Lockjaw" Davis Quintet*",898
"Dud Bascomb",899
"Willie Dixon",900
"Memphis Slim",901
"Maria Tipo",902
"Lili Kraus",903
"Claude Hopkins",904
"Emmett Berry",905
"The Jack McDuff Quartet*",906
"Jack McDuff*",907
"Nappy Brown And The Gibralters",908
"Shakey Jake",909
"The Stars Of Faith",910
"The Prestige All-Stars*",911
"Etta Jones",912
"Eric Dolphy Quintet",913
"The Latin Jazz Quintet",914
"Roosevelt Sykes",915
"Willis Jackson",916
"Walter Klien",917
"Sonny Terry",918
"Lonnie Johnson (2)",919
"Vienna Pro Musica Orchestra",920
"Heinz Wallberg",921
"Jimmy Forrest",922
"The Frank Wess Quartet",923
"Brownie McGhee Sonny Terry*",924
"Al Casey",925
"King Curtis",926
"Curtis Jones",927
"Betty Roché",928
"Richard Williams",929
"John Coltrane And Donald Byrd",930
"Rex Stewart",931
"Blind Gary Davis",932
"Doug Watkins Quintet",933
"Gene Ammons Quartet",934
"Clifford Jordan",935
"Bobby Timmons",936
"Ed McCurdy",937
"Obray Ramsey",938
"Molly Scott",939
"Guy Carawan",940
"Cynthia Gooding",941
"Robert H. Beers*",942
"The Drinkard Singers",943
"Raymond Rasberry And The Rasberry Singers*",944
"Pola Chapelle*",945
"Rogelio Reguera",946
"J.J.*",947
"Charlotte Daniels",948
"Pat Webb",949
"The Sensational Skylights",950
"Swingville All Stars",951
"Schütz*",952
"Sweelinck*",953
"Chorus*",954
"Richard Schulze (2)",955
"Mal Waldron Septet",956
"Borodine*",957
"Moussorgsky*",958
"H. Hollreiser*",959
"Wiener Symphoniker",960
"Chor Der Weiner Staatsoper*",961
"Südwestfunksorchester",962
"Ruth Rubin",963
"Mercy Dee Walton",964
"Leo Parker",965
"Clea Bradford",966
"Roland Kirk",967
"Ken McIntyre",968
"The Gigi Gryce Quintet*",969
"The Budd Johnson Quintet",970
"Ray Charles",971
"Margaret Barry",972
"Michael Gorman",973
"Brownie McGhee",974
"Lightnin' Hopkins",975
"Sunnyland Slim",976
"Ferdinand Grossmann",977
"Blind Willie McTell",978
"Bartok*",979
"Sandor*",980
"Südwestfunkorchester Baden-Baden",981
"The Latin Jazz Quintet* + Eric Dolphy",982
"Reverend Gary Davis*",983
"The Tommy Flanagan Trio*",984
"Swingville All Stars ",985
"Michael Praetorius",986
"Johann-Christoph Bach*",987
"Samuel Scheidt",988
"Heinrich Schütz",989
"Brendel*",990
""Pro Musica" Orchestra",991
"The Larry Young Trio",992
"Otto Klemperer",993
"Vienna Symphony*",994
"L'Orchestre Des Concerts Lamoureux*",995
"Eddie "Lockjaw" Davis Big Band",996
"Manfredini*",997
"Torelli*",998
"Orchester Der Wiener Musikgesellschaft",999
"Sonny Terry*",1000
"Freddie Redd Quintet",1001
"Jimmy Hamilton",1002
"The Incredible Kai Winding Trombones*",1003
"Kenny Drew",1004
"Jaki Byard",1005
"Shorty Baker*",1006
"Doc Cheatham",1007
"Clark Terry",1008
"Ewan MacColl",1009
"Walt Dickerson",1010
"Jean Ritchie",1011
"The Prestige Blues-Swingers Featuring: Coleman Hawkins",1012
"Oliver Nelson Sextet* Featuring: Eric Dolphy",1013
"Bonnie Dobson",1014
"St. Louis Jimmy*",1015
"The Roy Haynes Trio",1016
"''Baby Face'' Willette*",1017
"Francy Boland And Company*",1018
"The Bud Freeman All-Stars*",1019
"Shorty Baker",1020
"Gioacchino Rossini",1021
"The John Coltrane Quartet",1022
"Cliff Jackson's Washboard Wanderers",1023
"Dick Wellstood's Wallerites",1024
"K.C. Douglas",1025
"Robin Roberts",1026
"Etta Jones And Strings",1027
"The Back Home Choir Of The Greater Harvest Baptist Church Of New Jersey*",1028
"The Gil Evans Orchestra*",1029
"Billy Dee Williams Accompanied By The George Cory Ensemble",1030
"Memphis Willie B.",1031
"The Joe Newman Quintet*",1032
"Jack Elliott*",1033
"Domingo Alvarado",1034
"Delia Murphy",1035
"Zoltán Jeney (2)",1036
"Johann Klika",1037
"Wilma Lipp",1038
"Christa Ludwig",1039
"Murray Dickie",1040
"Walter Berry",1041
"Vienna Oratorio Choir",1042
"Bartók*",1043
"The Mal Waldron Trio*",1044
"Juan Amalbert's Latin Jazz Quintet*",1045
"The Al Casey Quartet",1046
"Babs Gonzales",1047
"Chorus Of Radio Stuttgart*",1048
"Gene Ammons And His All Stars*",1049
"Johnny Griffin Quintet*",1050
"Janacek*",1051
"Honegger*",1052
"De Falla*",1053
"Jean Madeira",1054
"Edouard van Remoortel*",1055
"Arbee Stidham",1056
"Don Ellis",1057
"The Red Garland Trio plus Ray Barretto",1058
"Little Brother Montgomery",1059
"Robert Pete Williams",1060
"Georg Friedrich Händel",1061
"Robert Woodcock",1062
"Johnny Hodges",1063
"John Coltrane Quartet*",1064
"Dodo Greene Accompanied By The Ike Quebec Quintet",1065
"The Gate City Singers",1066
"Pro Musica Chamber Group*",1067
"Leo Cermak",1068
"Tossi Aaron",1069
"Yaffa Yarkoni",1070
"The Savettes",1071
"The Jersey Gospel All Stars Of Trenton",1072
"N.J.*",1073
"Robert Banks",1074
"Buddy Lucas",1075
"Svyatoslav Richter*",1076
"Leningrad Philharmonic*",1077
"Eugene Mravinsky*",1078
"David Oistrakh*",1079
"Bolshoi Theater Orchestra*",1080
"Samuel Samosud",1081
"Richard Schulze",1082
"Andor Földes*",1083
"Orchestre Des Concerts Lamoureux",1084
"J. Martinon*",1085
"Südwestfunk Orchester Baden-Baden*",1086
"M. Gielen*",1087
"Pro Musica String Orchestra",1088
"Henry "Red" Allen",1089
"Peter Frankl",1090
"Max Roach His Chorus And Orchestra",1091
"The Telemann Society*",1092
"Theodora Schulze",1093
"Dorothy Walters",1094
"Shostakovich*",1095
"The Unpredictable Jimmy Smith*",1096
"The Hungarian String Quartet*",1097
"Jack Teagarden",1098
"Don Wilkerson",1099
"McCoy Tyner Trio",1100
"Roy Haynes And Henry Grimes",1101
"Jessie Powell*",1102
"Dave Pike",1103
"George Feyer And His Orchestra",1104
"Wind Instrument Group Of The Vienna Symphony Orchestra*",1105
"Ramor Quartet",1106
"Kohon Quartet*",1107
"Maria Theresa Escribano*",1108
"Quincy Jones And His Orchestra",1109
"Eddie "Blues Man" Kirkland*",1110
"Honi Gordon",1111
"Anita O'Day",1112
"The Gary McFarland Orchestra",1113
"Billy Strayhorn",1114
"Eric Dolphy And Booker Ervin",1115
"Dodo Greene",1116
"Ernestine Allen*",1117
"The Coleman Hawkins Quartet*",1118
"Jean Redpath",1119
"Sheila Jordan",1120
"Biber*",1121
"Don Cherry",1122
"Benny Carter And His Orchestra",1123
"Susanne Lautenbacher",1124
"Günter Kehr",1125
"Andres Hernandez Y Su Sexteto Caribe",1126
"Manny Albam And His Orchestra",1127
"Big Joe Williams",1128
"Thornel Schwartz",1129
"Bill Leslie",1130
"Loewenguth String Quartet*",1131
"Antonín Dvořák",1132
"The Berkshire Quartet*",1133
"György Sándor",1134
"Murray Grodner",1135
"Bartók* – Gyorgy Sandor*",1136
"György Sándor • Südwestfunkorchester",1137
"Baden-Baden* • R. Reinhardt*",1138
"Cannonball Adderley | Miles Davis",1139
"Hindemith*",1140
"Westphalia Symphony Orchestra*",1141
"Hubert Reichert",1142
"Guenter Breitenbach*",1143
"Herbert Haefner*",1144
"Ben Webster",1145
"Barney Bigard",1146
"Oliver Nelson Orchestra*",1147
"Roy Haynes Quartet",1148
"Baby Face Willette*",1149
"René Leibowitz",1150
"Chorus And Orchestra Of The New Symphony Society Of Paris",1151
"Monty Budwig",1152
"William Byrd",1153
"La Société De La Chorale Bach de Montréal*",1154
"George Little",1155
"Booker Little",1156
"The John Coltrane Quartette*",1157
"John Wright (6)",1158
"Leonard Gaskin Dixielanders",1159
"Montreal Bach Choir",1160
"The Afro-Drum Ensemble",1161
"Zubin Mehta",1162
"Ahmed Abdul-Malik",1163
"Roland Alexander",1164
"Marcus Belgrave",1165
"Alberta Hunter",1166
"Lucille Hegamin",1167
"Victoria Spivey",1168
"Isla Cameron",1169
"Jost Michaels",1170
"Endres Quartett*",1171
"Rena Kyriakou",1172
"Peggy Seeger",1173
"Béla Bartók",1174
"Ilona Steingruber",1175
"Otto Wiener",1176
"Herbert Häfner",1177
"The Capitol City Stars (2)",1178
"Fred Jackson",1179
"Jesse Powell (2)",1180
"Jack McDuff* And Gene Ammons",1181
"Patricia Neway",1182
"Leopold Simoneau",1183
"Robert Massard",1184
"Pierre Mollet",1185
"The Paris Conservatory Orchestra* Conducted By Carlo Maria Giulini",1186
"Ravel*",1187
"Jackie Paris",1188
"Freddie Roach",1189
"Sam "The Man" Taylor*",1190
"Cootie Williams",1191
"U. Utah Phillips*",1192
"Monteverdi*",1193
"Petit Ensemble Vocal*",1194
"Little*",1195
"Count Basie And The Kansas City 7*",1196
"The Rhoda Scott Trio",1197
"Hans Schmidt-Isserstedt",1198
"Symphony Orchestra Of The North German Radio Network",1199
"Hamburg*",1200
"The Jimmy Neeley Trio*",1201
"Hummel*",1202
"Boieldieu*",1203
"Martin Galling",1204
"Robert Wagner (4)",1205
"Symphonieorchester Der Stadt Innsbruck*",1206
"Burgess Meredith",1207
"Andrea Gabrieli",1208
"Giovanni Gabrieli",1209
"Paris Instrumental Ensemble*",1210
"Florian Hollard",1211
"Robert Curtis Smith*",1212
"The Gardners",1213
"The True Endeavor Jug Band",1214
"Sonny Stitt And Paul Gonsalves",1215
"Fernando Sirvent",1216
"Chief Red Thundercloud",1217
"Dufay*",1218
"Le Petit Ensemble Vocal de Montreal*",1219
"Consort Of Viols*",1220
"Otto Joachim",1221
"The Telemann Society",1222
"Klemperer*",1223
"Pro Musica Chamber Orchestra*",1224
"Michael Brown (6)",1225
"The Gary McFarland Sextet",1226
"Westfaelisches Sinfonie-Orchester* Conductor Hubert Reichert",1227
"Loewenguth Quartet*",1228
"Mannheimer Trio",1229
"George Braith",1230
"Orchestre De La Société Des Concerts Du Conservatoire",1231
"The Rasberry Singers*",1232
"John Coltrane And Johnny Hartman",1233
"Bizet*",1234
"Dave Van Ronk",1235
"Bruno Hoffmann",1236
"Kalomiri*",1237
"Ben-Haim*",1238
"Mimaroglu*",1239
"Hossein*",1240
"Fuleihan*",1241
"Rigai*",1242
"Amiram Rigai",1243
"Vlado Perlemuter",1244
"Concerts Colonne Orchestra*",1245
"Smoky Babe",1246
"Brooks Berry",1247
"Scrapper Blackwell",1248
"W. A. Mozart*",1249
"Johnny Coles",1250
"Freda Payne",1251
"Baby Tate",1252
"Brother Jack McDuff",1253
"The Red Onion Jazz Band",1254
"Liederkranz Böblingen",1255
"Stuttgarter Philharmoniker",1256
"Roland Bader",1257
"Alec Seward",1258
"Booker Ervin",1259
"Al Grey",1260
"Ben Webster And Joe Zawinul",1261
"Milt Hinton",1262
"Gildo Mahones",1263
"Pony Poindexter",1264
"The Kohon String Quartet Of New York University*",1265
"Harold Kohon",1266
"Raymond Kunicki",1267
"Bernard Zaslav",1268
"Robert Sylvester",1269
"Aaron Shapinsky",1270
"Quincy Jones",1271
"Ted Curson",1272
"John Patton",1273
"Coleman Hawkins Quartet",1274
"Mieczyslaw Horszowski",1275
"Ramsey Lewis Trio*",1276
"Geoff Muldaur",1277
"Handel* –  Telemann Society* Conductor Richard Schulze",1278
"Gustav Mahler",1279
"The Clefs Of Calvary",1280
"Gyorgy Sandor*",1281
"Jimmy Witherspoon",1282
"Benny Golson Quartet",1283
"Budd Johnson",1284
"David Glazer",1285
"Johann*",1286
"Josef Strauss*",1287
"Ahmad Jamal",1288
"Art Blakey Quartet",1289
"Rimsky-Korsakov*",1290
"Beethoven* ",1291
" Walter Klien",1292
"Pink Anderson",1293
"Beverly Jenkins",1294
"César Franck",1295
"Orchestra Of The Vienna Volksoper*",1296
"The Symphony Orchestra Of The Southwest German Radio",1297
"Vienna Chamber Orchestra*",1298
"Barchet Quartet*",1299
"Société de la Chorale Bach de Montreal*",1300
"Consort of Viols*",1301
"Karl Stamitz*",1302
"Heinz Wigand",1303
"J.S. Bach*",1304
"Wade Walton",1305
"The Engelkinder*",1306
"The New Amazing Chico Hamilton Quintet*",1307
"Charles River Valley Boys",1308
"Luebeck German Sailors Chorus",1309
"Pete Seeger",1310
"Ramblin' Jack Elliott",1311
"Mike Seeger",1312
"Bill Keith",1313
"Jim Rooney",1314
"The Paul Weeden Trio",1315
"Lucky Thompson",1316
"Solomon Ilori And His Afro-Drum Ensemble*",1317
"Schumann* ",1318
" Walter Bohle",1319
"The Barchet Quartet*",1320
"Duke Ellington Meets Coleman Hawkins",1321
"Mingus*",1322
"Duke Ellington",1323
"Paul Gonsalves",1324
"Albert Greiner Chorus",1325
"Joseph Lautenbacher",1326
"Lieselotte Rebmann*",1327
"Reinhold Bartel",1328
"August Messthaler",1329
"Stuttgart Philharmonic*",1330
"Sueddeutsche Chorvereinigung",1331
"Josef Bloser",1332
"Melvin Berman",1333
"Kelsey Jones (2)",1334
"Harold Vick",1335
"George Mgrdician*",1336
"Ravi Shankar and Ali Akbar-Kahn*",1337
"Eddie Chamblee",1338
"Dayton Selby",1339
"Anthony Williams",1340
"Charlotte Zelka",1341
"Baden Baden*",1342
"Harold Byrns",1343
"Aaron Rosand",1344
"Pablo de Sarasate",1345
"Don Patterson",1346
"Gloria Coleman Quartet",1347
"Pola Roberts",1348
"Wayne Shorter",1349
"Luigi Boccherini",1350
"Orchestre De L'Angelicum De Milan*",1351
"Umberto Cattini",1352
"Andrew Hill",1353
"Terry Gibbs Quartet",1354
"The Brother Jack McDuff Quartet",1355
"Philharmonic Symphony Of London",1356
"The New Stan Getz Quartet",1357
"Junior Mance",1358
"Evelyne Crochet",1359
"Wynton Kelly Trio",1360
"Dylan Thomas",1361
"João Gilberto",1362
"Antonio Carlos Jobim",1363
"Johnny Hartman",1364
"Charles E. Ives*",1365
"The Kohon Quartet Of New York University*",1366
"Lully*",1367
"Rameau*",1368
"Mainzer Kammerorchester",1369
"Ravi Shankar And Ali Akbar-Kahn*",1370
"Earl Hines",1371
"Tom Rush",1372
"Lorez Alexandria",1373
"The Morris Nanton Trio",1374
"'Big' John Patton*",1375
"Lionel Hampton",1376
"Ron Eliran",1377
"Wiener Symphoniker ",1378
"Dir. Otto Klemperer",1379
"Joya Sherrill",1380
"Ronnie Mathews",1381
"Shirley Scott And Stanley Turrentine",1382
"Victoria*",1383
"Grachan Moncur III",1384
"Lalo Schifrin",1385
"Yusef Lateef Quintet*",1386
"Elvin Jones/Jimmy Garrison Sextet",1387
"N.W.D.R-Orchester",1388
"Leopold Ludwig",1389
"Chico Hamilton",1390
"Soloists Akademie Kammerchor*",1391
"Elisabeth Thomann",1392
"Werner Krenn",1393
"Germaine De Brandt",1394
"Karl Neugebauer",1395
"Benji Aronoff",1396
"Shirley Griffith",1397
"The Talismen (6)",1398
"Eva Holderlin*",1399
"Stuttgart* Conductor Rolf Reinhardt",1400
"Gary McFarland",1401
"The Blue Mitchell Quintet",1402
"Wes Montgomery",1403
"Kenny Burrell And Grady Tate",1404
"Archie Shepp",1405
"Hoffmann*",1406
"Astrud Gilberto",1407
"Eileen Flissler",1408
"Pat Bowie",1409
"Michel Corrette",1410
"Ali Akbar Khan",1411
"Schönberg*",1412
"The Ramor Quartet*",1413
"E. Lörincz*",1414
"Zs. Deaky*",1415
"Maria Theresia Escribano*",1416
"Walter Triebskorn",1417
"Alfred Sous",1418
"Sebastian Huber",1419
"Europa Quartet*",1420
"Hungarian Quintet*",1421
"The Latin Jazz Quintet*",1422
"Frederick Roach*",1423
"Walter Hautzig",1424
"Bill Henderson (3)",1425
"Richard "Groove" Holmes",1426
"The Russian Jazz Quartet",1427
"Blue Mitchell",1428
"Charles McPherson",1429
"Carmell Jones And Barry Harris (2)",1430
"Stan Getz – Joao Gilberto*",1431
"Hermann Prey",1432
"Leipzig Gewandhaus Orchestra*",1433
"Leipzig Thomanerchor*",1434
"Kurt Thomas",1435
"Eddie Bonnemere",1436
"Morris Nanton",1437
"Big John Patton*",1438
"George Frederik Handel*",1439
"Antonio Vivaldi –  Mainzer Kammerorchester",1440
"Paris Instrumental Ensemble",1441
"Paul Olefsky (Cello)*",1442
"Walter Hautzig (Piano)*",1443
"Chuck Wayne",1444
"Freddie McCoy",1445
"Faure*",1446
"Sylvia Syms",1447
"Willie Bobo",1448
"The Roland Kirk Quartet",1449
"The New York Art Quartet*",1450
"Pete La Roca",1451
"Wild Bill Davis",1452
"Lawrence Brown's All-Stars",1453
"Curtis Fuller And Hampton Hawes",1454
"Andy And The Bey Sisters",1455
"Johnny Lytle",1456
"Irene Reid",1457
"A. K. Salim*",1458
"Eric Kloss",1459
"Sonny Stitt And Booker Ervin",1460
"The Wynton Kelly Trio*",1461
"Lambert",1462
"Hendricks",1463
"Ross",1464
"The Horace Silver Quintet Plus J.J. Johnson",1465
"Al Hall",1466
"Osie Johnson",1467
"The Lucky Thompson Quartet",1468
"Bill Evans Trio*",1469
"The Holy Modal Rounders",1470
"Yank Lawson",1471
"Elena Polonska",1472
"Guy Durand",1473
"Roger Cotte",1474
"Sam Rivers",1475
"György Sandor*",1476
"Alfred Brendel Plays Beethoven* ; Schubert*",1477
"The Seventh Cinders",1478
"Larry*",1479
"Hank*",1480
"Casey Hart",1481
"Cleveland Graves",1482
"Walter Wanderley Trio",1483
"Jimmy Smith  Arranged And Conducted By Oliver Nelson",1484
"Brooks Arthur Ensemble*",1485
"Orchestra Conducted By Oliver Nelson",1486
"All The Duke's Men",1487
"Co.",1488
"The Modern Jazz Giants",1489
"Erich Penzel • Dieter Vorholz • David Soyer • Frank Glazer",1490
"Günter Ludwig",1491
"Stan Hunter",1492
"Sonny Fortune",1493
"Leonard Feather Presents The Sound Of Feeling And The Sound Of  Oliver Nelson",1494
"Kenyon Hopkins",1495
"“Groove” Holmes*",1496
"Gabor Szabo",1497
"Eddie Palmieri",1498
"Cecil Taylor",1499
"Dittersdorf*",1500
"Georg Hörtnagel",1501
"Günter Lemmen*",1502
"Württemberg Chamber Orchestra",1503
"Heilbronn*",1504
"Jörg Faerber",1505
"Earl "Fatha" Hines*",1506
"Chico O'Farrill",1507
"Groove Holmes*",1508
"The Chet Baker Quintet",1509
"Don Friedman",1510
"Walter Wanderley",1511
"Carl Nielsen",1512
"The Royal Danish Orchestra*",1513
"Igor Markevitch",1514
"Arthur Prysock",1515
"Bálint Vázsonyi",1516
"The Pee Wee Russell Quartet*",1517
"Marshall Brown",1518
"Pucho",1519
"The Latin Soul Brothers*",1520
""Groove" Holmes*",1521
"Byrdie Green",1522
"Hungarian Quartet*",1523
"Dekány Quartet*",1524
"Billy Hawks",1525
"Vivaldi* • Mozart*",1526
"M. Galling*",1527
"S. Lautenbacher*",1528
"The Stuttgart Philharmonic Orchestra*",1529
"Alexander Paulmüller",1530
"Ornette Coleman",1531
"Jackie And Roy*",1532
"Sextet*",1533
"Buddy Terry",1534
"Bola Sete",1535
"John Lee Hooker",1536
"Trudy Pitts",1537
"Henry Townsend",1538
"Gabor Szabo And The California Dreamers",1539
"Bob Crosby And The Bob Cats",1540
"Eddie Gomez",1541
"Marion Brown",1542
"Sonny Stitt And Billy James",1543
"Eddie Daniels",1544
"Tamba 4",1545
"Pharoah Sanders",1546
"Jack Wilson",1547
"The Free Spirits",1548
"Pat Martino",1549
"His Latin Soul Brothers",1550
"Tom Scott",1551
"The California Dreamers",1552
"Willis Jackson And Brother Jack McDuff",1553
"Coros De Radio Stuttgart*",1554
"Orquesta Pro Musica De Stuttgart*",1555
"Coros Y Orquesta Pro Musica De Stuttgart*",1556
"Duke Edwards",1557
"The Young Ones (3)",1558
"Wild Bill Jennings*",1559
"Hans-Jürgen Möhring",1560
"The New Elvin Jones Trio",1561
""Lockjaw" Davis*",1562
"Richard Barbary",1563
"Eden's Children",1564
"Duke Pearson's Big Band",1565
"Artie Butler",1566
"Joe Jones*",1567
"Eddie Gale",1568
"Frankie Laine",1569
"Tamiko Jones",1570
"Salvation (7)",1571
"Tyrone Washington",1572
"Kenny Cox And The Contemporary Jazz Quintet (2)",1573
"Trudy Pitts And Mr. C. (6)",1574
"K.*",1575
"Jean Patéro*",1576
"Helga Storck",1577
"Helmuth Rilling",1578
"Bruno Hoffman*",1579
"Wally Richardson",1580
"Soul Flutes",1581
"Lyn Roman",1582
"Paul Desmond",1583
"Jimmy Smith And Wes Montgomery",1584
"Tiny Grimes And Ray Bryant",1585
"J*",1586
"K*",1587
"Plastic Penny",1588
"Coleman Hawkins And Mary Lou Williams",1589
"Walter Wanderley Set",1590
"Lonnie Smith",1591
"Charles Kynard",1592
"Randy Brecker",1593
"The Isley Brothers",1594
"Billy Butler (3)",1595
"Otis Spann",1596
"Leon Thomas",1597
"Rusty Bryant",1598
"Horace Tapscott Quintet",1599
"Charlie Earland*",1600
"John Martine",1601
"Fats Theus*",1602
"Dave Frishberg",1603
"Kathy McCord",1604
"Joe Farrell Quartet",1605
"Flow (17)",1606
"Nite People",1607
"The Cyrkle",1608
"Jimmy Rushing",1609
"Kenny Clarke Meets The Detroit Jazzmen",1610
"Euclid",1611
"Sonny Phillips",1612
"Boogaloo Joe Jones*",1613
"Herman "Hack" Bartholomew",1614
"Melvin Sparks",1615
"Vocals*",1616
"Dick Jurgens",1617
"Gato*",1618
"Dirty John's Hot Dog Stand",1619
"Kenny Paulson",1620
"Funk Inc.",1621
"Paderewski*",1622
"Arensky*",1623
"Leon Spencer*",1624
"Harold Land",1625
"Ammons*",1626
"Stitt*",1627
"Bobbi Humphrey",1628
"Bernard Purdie",1629
"Gilberto*",1630
"Turrentine*",1631
"Idris Muhammad",1632
"Leon Spencer Jr.*",1633
"Johnny Hammond",1634
"Richard Groove Holmes*",1635
"Mongo Santamaria",1636
"The B. C.",1637
"M. Choir",1638
"Mainz Chamber Orchestra* Conductor Günter Kehr",1639
"Jayson Lindh*",1640
"Gary Chandler (2)",1641
"Ceasar Frazier*",1642
"B. C.",1643
"M. Choir*",1644
"Ronnie Foster",1645
"Roy Ayers Ubiquity",1646
"Sextet",1647
"Bill Mason",1648
"Bayeté (Todd Cochran)*",1649
"Airto*",1650
"The Nineteenth Whole",1651
"Esther Marrow",1652
"Vincent Price (2)",1653
"Marmarosa*",1654
"Roussel*",1655
"The Loewenguth Quartet*",1656
"Funk",1657
"Inc.*",1658
"Don Sebesky",1659
"J.J. Johnson's Jazz Quintets*",1660
"Pharoah Sanders ",1661
"Vocalist  Sedatrius Brown",1662
"Ivan "'Boogaloo Joe" Jones*",1663
"Masabumi Kikuchi",1664
"Albert Ayler",1665
"Maynard Parker",1666
"Kohon Quartet of New York University*",1667
"Bob James",1668
"Kohon Quartet Of New York University*",1669
"Jackie Cain",1670
"Roy Kral*",1671
"The Red Norvo Trio",1672
"Phil Upchurch",1673
"Tennyson Stephens",1674
"Gil Evans And Tadd Dameron",1675
"Esther Phillips W/ Beck*",1676
" Chet Baker",1677
"Gabriel Faure*",1678
"George 'Bad' Benson*",1679
"Lalo*",1680
"Saint-Saëns*",1681
"Südwestfunkorchester",1682
"Tibor Szöke",1683
"Elmo Hope Quintet",1684
"Jackie McLean Sextet",1685
"Jimmy Heath",1686
"Philly Joe Jones*",1687
"Allan Holdsworth",1688
"Beck*",1689
"Richard Twardzik*",1690
"Russ Freeman",1691
"Wilbur Hardin*",1692
"Big Joe Turner",1693
"Paul Quinichette And Mal Waldron",1694
"David Matthews' Big Band*",1695
"George Shearing Quintet*",1696
"Red Norvo Trio*",1697
"Steel Tips",1698
"Airto* Special Guest Flora Purim",1699
"George Shearing",1700
"The Ravens (2)",1701
"Bill Hardman",1702
"David Schnitter",1703
"Richie Cole",1704
"The Be Bop Boys*",1705
"Ruby Braff And Red Richards",1706
"Jimmy Ponder",1707
"Rufus Reid",1708
"Lawrence Killian",1709
"George Devens",1710
"The Johnny Otis Show",1711
"Charles Tolliver",1712
"Grachan Moncur*",1713
"Roscoe Mitchell",1714
"Bob Cranshaw",1715
"Otis 'Candy' Finch*",1716
"Mannheim Trio*",1717
"Rhond Durand",1718
"Quartet*",1719
"Bernie Privin Orchestra*",1720
"Teddy Reig All-Stars",1721
"Ricky Ford",1722
"Jon Faddis",1723
"Mack Goldsbury",1724
"Westfälisches Sinfonieorchester",1725
"Pro Musica Orchester",1726
"Wien*",1727
"Grover Washington Jr.*",1728
"Little Esther*",1729
"Albinia Jones",1730
"Miss Rhapsody",1731
"Linda Hopkins",1732
"Waymon Reed",1733
"Charlie Shoemake",1734
"Art Blakey = アート・ブレイキー*",1735
"Kenny Burrell = ケニー・バレル*",1736
"The David Liebman Quintet",1737
"Mickey Tucker",1738
"Leo Smith*",1739
"Sam Price And The Rock Band",1740
"James Blood*",1741
"Frank Foster And Frank Wess",1742
"Dan Axelrod",1743
"The Barry Kiener Trio",1744
"Tom Warrington",1745
"Dan D'Imperio",1746
"Junior Cook",1747
"Frank Rosolino",1748
"Claire Bloom",1749
"Peter Ilyitch Tchaikovsky*",1750
"L'Orchestre De La Suisse Romande",1751
"Winni Brown*",1752
"The Bebop Boys",1753
"Dodo Marmarosa",1754
"Kenny Clarke Quintet",1755
"Tammy Grimes",1756
"Eddie Jefferson",1757
"Dee Williams*",1758
"James Von Streeter",1759
"Edmond Hall",1760
"Ben Pollack",1761
"Ray Drummond",1762
"Dannie Richmond Quintet",1763
"Eric Schneider (3)",1764
"John McNeil Quintet",1765
"Albert Dailey",1766
"Ray Barretto",1767
"Phil Woods/Gene Quill Quintet",1768
"Jimmy McGriff",1769
"Turk Mauro",1770
"Georgie Auld",1771
"The Mel Lewis Quintet*",1772
"Charlie Shoemake Sextet",1773
"Roland Hanna",1774
"Continuum (5)",1775
"Walter Page",1776
"Meredith d'Ambrosio",1777
"Haywood Henry",1778
"Joe Newman And Hank Jones",1779
"George Wallington And His Band",1780
"Jack Wilkins",1781
"Sphere (16)",1782
"Dameronia",1783
"Robert Watson*",1784
"Curtis Lundy",1785
"Timeless All Stars",1786
"Roger Kellaway",1787
"The Port Of Harlem Jazzmen*",1788
"The Greg Packham Group",1789
"Eek-A-Mouse",1790
"Les McCann",1791
"Claudio Roditi W/ Kenia",1792
"Don Sickler",1793
"The Heath Brothers",1794
"Billy Wright",1795
"Saheb Sarbib Sextet",1796
"William Fielder",1797
"Claudio Roditi",1798
"Don Joseph",1799
"Mark Murphy",1800
"Peter Leitch",1801
"Kenny Barron",1802
"Toshiko Akiyoshi Trio",1803
"Hod O'Brien Quintet",1804
"Tom Harrell And Pepper Adams",1805
"Bill Russo",1806
"Woody Shaw",1807
"Sathima Bea Benjamin",1808
"Billy Higgins",1809
"Kenia",1810
"Bruce Forman",1811
"Carmen Lundy",1812
"Kenny Garrett Quintet",1813
"Jimmy Smith Trio + LD*",1814
"Out Of The Blue (3)",1815
"Randy Sandke",1816
"Mike Wofford",1817
"Interweave (2)",1818
"The Greg Marvin Quartet",1819
"Chris Hunter",1820
"The Buddy DeFranco Quartet*",1821
"Quintet*",1822
"Warne Marsh Quartet",1823
"Lonnie Liston Smith",1824
"Jimmy Raney Trio",1825
"Tommy Flanagan And George Mraz",1826
"Ted Brown Quintet",1827
"Michael Weiss Quintet",1828
"Jimmy Knepper Quintet",1829
"Tom Harrell Quintet",1830
"Kenny Garrett And Kenny Barron",1831
"Michael Moore (2)",1832
"Maria Muldaur",1833
"Jimmy Knepper",1834
"Valery Ponomarev",1835
"Ralph Moore (2)",1836
"Clifford Jordan Quartet",1837
"Kirk Lightsey Quintet",1838
"Spike Robinson",1839
"Al Cohn Quintet",1840
"Ralph Moore Quartet",1841
"Buddy Montgomery",1842
"The Dave Brubeck Quartet",1843
"Wallace Roney",1844
"Carl Fontana",1845
"The Hall Overton Quartet And George Wallington Quintet",1846
"Ray Anderson",1847
"Brian Lynch Sextet",1848
"Franco Ambrosetti",1849
"Michael Musillami",1850
"Nick Brignola",1851
"Rob Schneiderman",1852
"Ron Carter Presents Eric Gale",1853
"Superblue (2)",1854
"Jed Levy",1855
"Peter Madsen",1856
"Billy Hart",1857
"Kenny Barron Trio",1858
"Buster Williams And Ben Riley",1859
"Cindy Blackman",1860
"Ron Carter Presents Dado Moroni",1861
"Joshua Breakstone",1862
"Tommy Flanagan And Jimmy Knepper",1863
"Ned Otter",1864
"Mel Lewis Jazz Orchestra*",1865
"Jim Snidero Quintet",1866
"Brian Lynch",1867
"Peter Washington",1868
"Jeff "Tain" Watts",1869
"Benny Green Quintet",1870
"Mel Lewis*",1871
"Stanley Cowell",1872
"Beaver Harris",1873
"John Eaton*",1874
"Judy Carmichael",1875
"The John Marshall-Tardo Hammer Bopera House",1876
"Roger Eckstine",1877
"Sal Salvador",1878
"Michael Carvin",1879
"Charlie Haden",1880
"The Thad Jones Mel Lewis Quartet",1881
"The Clark Terry Spacemen",1882
"Ekaya",1883
"Malachi Thompson",1884
"Gil Mellé",1885
"Rhythmstick",1886
"Benny Green Trio*",1887
"Lewis Nash",1888
"Peter Leitch Quintet",1889
"Bobby Watson (2)",1890
"The Winter Consort",1891
"Teddy Charles Quartet",1892
"Helen Merrill + Ron Carter",1893
"Mel Lewis",1894
"James Spaulding",1895
"Kenny Washington",1896
"Mulgrew Miller",1897
"Ralph Sutton (2)",1898
"Jay McShann",1899
"Ralph Moore Quintet",1900
"Johnny Costa*",1901
"Gene Ramey",1902
"George Mraz and Kenny Washington",1903
"The Kenny Drew Trio",1904
"Benny Waters",1905
"Music By Carly Simon",1906
"Herb Alpert",1907
"Hugh Masekela",1908
"Steve Nelson",1909
"Tony Reedus",1910
"Brian Lynch Quintet",1911
"Greg Marvin",1912
"The Billy Strayhorn Project",1913
"The Michael Hashim Quartet*",1914
"The Adderleys",1915
"Harry Leahey",1916
"The Ron Carter Nonet",1917
"Elmer Snowden",1918
"Ray Drummond Quintet Feat. Steve Nelson",1919
"Charles Lloyd",1920
"Michel Sardaby",1921
"Hod O'Brien",1922
"Rufus Reid And Billy Higgins",1923
"George Lewis (2)",1924
"Mike LeDonne Quintet",1925
"Mike LeDonne Trio",1926
"Donald Byrd Sextet",1927
"Johnny Coates, Jr.*",1928
"Donald Brown",1929
"Kenny Barron Quartet",1930
"TrioConcertant",1931
"Hilton Ruiz",1932
"The Frank Wess Septet",1933
"Joshua Breakstone Trio",1934
"Red Mitchell",1935
"Kenny Barron And Ben Riley",1936
"Kenny Barron Quintet",1937
"Bill Doggett",1938
"James Clay",1939
"John Bunch",1940
"Billy Drummond Quintet",1941
"Dick Berk",1942
"Goodfellas (18)",1943
"Rex Stewart And Wingy Manone",1944
"Ted Rosenthal",1945
"Boyd Raeburn",1946
"Orch.*",1947
"Nat Simkins*",1948
"Jack Walrath And The Masters Of Suspense*",1949
"Anthony Cox",1950
"Ronnie Burrage",1951
"T.S. Monk*",1952
"Bob Wilber",1953
"Kenny Davern",1954
"Jay Hoggard",1955
"Joshua Breakstone Quartet*",1956
"Bill Barron",1957
"Philip Harper",1958
"Jordan Sandke",1959
"The Houdini's",1960
"Dick Katz",1961
"Ben Riley",1962
"Antoine Roney",1963
"Michael Logan (2)",1964
"Cecil Brooks III",1965
"Jay Collins",1966
"Joe Locke",1967
"Warren Vaché",1968
"The Trio (16)",1969
"Ann Malcolm",1970
"Gary Bartz",1971
"7th Ave. Stompers",1972
"John Dennis (2)",1973
"David Leonhardt Trio*",1974
"The Junior Mance Trio*",1975
"Jeff Palmer",1976
"Buck Hill",1977
"Jimmy Gourley",1978
"Michael Brecker",1979
"Freddie Hubbard And Woody Shaw",1980
"Carlos Garnett",1981
"Michael Hashim",1982
"Claudio Roditi And Dennis Irwin",1983
"Richard Wyands",1984
"Toots Thielemans",1985
"Akira Tana",1986
"Ivan 'Boogaloo' Joe Jones",1987
"David Hazeltine",1988
"Ron Levy's Wild Kingdom",1989
"Jack Sheldon",1990
"One For All (3)",1991
"Virgil Jones",1992
"Chip White",1993
"Buddy Montgomery Trio",1994
"Pete Malinverni",1995
"T S Monk*",1996
"The Roger Kellaway Trio",1997
"Warne Marsh",1998
"Dean Johnson (3)",1999
"Ron Vincent",2000
"Adam Makowicz",2001
"George Mraz",2002
"The Walter Bishop, Jr. Trio",2003
"Butch Warren And Jimmy Cobb",2004
"Houston Person And Etta Jones",2005
"Steve Kuhn",2006
"Helio Alves",2007
"Alice Coltrane",2008
"Russell Gunn",2009
"The Booker Ervin Sextet",2010
"Caesar Frazier",2011
"David 'Fathead' Newman*",2012
"Tardo Hammer",2013
"John Marshall Quintet",2014
"Kenny Drew Jr.",2015
"Terumasa Hino",2016
"Bob Stewart (3)",2017
"Chico Hamilton Introducing Larry Coryell",2018
"Stanley Turrentine and The Three Sounds",2019
"Wynton Kelly",2020
"The Jutta Hipp Quintet*",2021
"Sam Gill",2022
"Benny Bailey",2023
"Dr. Lonnie Smith*",2024
"Lou Mecca Quartet",2025
""Papa" John DeFrancesco",2026
"Cecil Taylor Quartet*",2027
"Dick Wellstood",2028
"Cliff Jackson",2029
"Kenny Drew Quartet",2030
"The Shirley Scott Trio*",2031
"Clifford Brown featuring Zoot Sims",2032
"Claus Ogerman",2033
"Ithamara Koorax",2034
"Roy Hargrove",2035
"Wynton Marsalis",2036
"Thelonious*",2037
"Billy Bauer",2038
"Monk*",2039
"François K*",2040
"Anthony Ortega",2041
"Miles Davis*",2042
"Jimmy Garrison And Elvin Jones",2043
"Earl May",2044
"Percy Brice",2045
"Chick Corea",2046
"Jazztet*",2047
"Jimmy Rowles",2048
"Clare Fischer",2049
"Solomon Ilori",2050
"His Afro-Drum Ensemble",2051
"Eddie Bert Quartet",2052
"Gil Mellé Quartet*",2053
"The Blue Note 7",2054
"Francis Wolff",2055
"Jimmy Katz",2056
"Abbey Lincoln",2057
"Art Blakey*",2058
"Jymie Merritt",2059
"Walt Dickerson Quartet",2060
"Jimmy Smith Quartet",2061
"Kenny Burrell Septet",2062
"Lou Donaldson Quartet",2063
"Michel Legrand",2064
"Toshiko Akiyoshi",2065
"Stanley Turrentine Quintet",2066
"Elmo Hope Trio",2067
"Enrique Oliver",2068
"Art Blakey And His Jazz Messengers*",2069
"Swizz Beatz",2070
"Bob Scobey",2071
"MacDowell*",2072
"Griffes*",2073
"Taylor (21)",2074
"Franciscan Choir of Mt. Alvernia Seminary",2075
"N. Y.",2076
"Ruth Ben-Zvi",2077
"Rosa Rio",2078
"Janáček*",2079
"Jesus Maria Sanroma",2080
"Members of the Boston Woodwind Quintet*",2081
"Leonid Hambro",2082
"The Boston Brass Ensemble* assisted by James Pappoutsakis",2083
"The Duke Of Iron",2084
"Fillippo Azzaiolo",2085
"Georg Philipp Telemann",2086
"Henry VIII",2087
"Austin Pitre",2088
"Milton Molitor",2089
"Lurlin Lejeune",2090
"Big Ben Banjo*",2091
"Peter Leitch Quartet*",2092
"The Big T Plus Three",2093
"The Soul Seekers",2094
"Ray Czyzewski And His Orchestra (Ray And His Melody Boys)*",2095
"The Sunset Travelers Of Miami",2096
"Florida*",2097
"Jan Langosz E La Sua Orchestra*",2098
"Harry Sheppard",2099
"Blavet*",2100
"André Vessières",2101
"Denise Monteil",2102
"Huguette Prudhon*",2103
"Anne-Marie Beckensteiner",2104
"Jean-Marie Leclair Instrumental Ensemble*",2105
"Jean-François Paillard",2106
"John Dennison (3)",2107
"Arcangelo Corelli",2108
"Nicole Henriot-Schweitzer",2109
"Thomas Scherman Conducting The Music-Appreciation Symphony Orchestra*",2110
"Kazuo Yashiro",2111
"J. S. Bach*",2112
"Unknown Artist",2113
"Piston*",2114
"Reicha*",2115
"Ropartz*",2116
"The Boston Woodwind Quintet",2117
"Miaskovsky*",2118
"Gliere*",2119
"Beethoven Quartet",2120
"Aliabev*",2121
"David Oistrach",2122
"Lev Oborin",2123
"Sviatoslav Knushevitsky",2124
"Taneiev*",2125
"The Telemann Society* ",2126
"conductor R. Schulze*",2127
"Billy Butterfield",2128
"Boyd Raeburn And His Orchestra",2129
"Johann Strauss* Performed By Eduard Strauss And His Orchestra",2130
"The McPeake Family",2131
"Buxtehude*",2132
"Evelyne Beers",2133
"Innsbruck Symphony Orchestra*",2134
"Mussorgsky*",2135
"Klaus Pohlers",2136
"Reinhold Johannes Buhl",2137
"Georg Schmid",2138
"The Bob Brookmeyer Quartet",2139
"Erica Morini",2140
"Johann Strauss*",2141
"Von Suppé*",2142
"Larry Storch Reads Philip Roth",2143
"Gertrude Jahn",2144
"Stafford Wing",2145
"Eishi Kawamura",2146
"Harald Buchsbaum",2147
"Vienna Kammerchor*",2148
"Josef Nebois",2149
"Hans Gillesberger",2150
"Eduard Mrazek",2151
"Joe Sullivan",2152
"Österreichisches Philharmonisches Orchester*",2153
"Leopold Emmer",2154
"Sam Price And His Orchestra*",2155
"Giuliani*",2156
"Rhineland Symphony Orchestra",2157
"The Regent Symphony Orchestra",2158
"Vivaldi* • Paul Grund",2159
"Artur Rumetsch",2160
"Württembergisches Kammerorchester",2161
"Jorg Faerber* ",2162
" Boccherini*",2163
"Karl-Heinz Böttner",2164
"Hans Kalafusz",2165
"Günther Lemmen",2166
"Siegfried Palm",2167
"The Gerry Mulligan Quartet* And The Teddy Wilson Trio*",2168
"Clemens Krauss Conducting The Vienna Symphony Orchestra*",2169
"The The Chorus Of The Vienna State Opera*",2170
"Dagmar Hermann",2171
"Orquesta De Camara De Viena*",2172
"The Mulcays",2173
"Louis Kentner",2174
"Hungarian String Quartet*",2175
"Fauré*",2176
"Regent Concert Orchestra",2177
"King's College Choir",2178
"Cambridge*",2179
"Academy Of St. Martin-in-the-Fields*",2180
"Sir David Willcocks*",2181
"Stamitz*",2182
"Giovanni Paisiello",2183
"Hotteterre*",2184
"Telemann Society*",2185
"Walter* And Beatriz Klien",2186
"Emanuel Chabrier*",2187
"Purcell*",2188
"Mainz Chamber Orchestra* ",2189
"conductor Günter Kehr",2190
"Dave McKenna",2191
"Renate Noll",2192
"Franzpeter Goebels",2193
"Willy Spilling",2194
"La Société De La Chorale Bach De Montréal*",2195
"Jannequin*",2196
"The Telemann Society Wind and Percussion Band",2197
"The Backroom Boys (4)",2198
"J. Haydn*",2199
"Walter Gleisle ",2200
" Karl Arnold",2201
"Stuttgart* Directed By Rolf Reinhardt",2202
"Eduard Strauß (2)",2203
"Ernst Mühlbacher",2204
"Franz Bauer-Theussl",2205
"Joe Pica",2206
"Alfred Drake",2207
"E. Van Remoortel*",2208
"Vienna Chamber Choir*",2209
"François-Adrien Boieldieu",2210
"Marie-Claire Jamet",2211
"The Red Army Ensemble* Conducted By Colonel Boris Alexandrov*",2212
"Rimsky-Korsakoff*",2213
"Vienna Festival Orchestra*",2214
"Herbert Grossman",2215
"Günther Kehr*",2216
"Bob Thiele And His New Happy Times Orchestra",2217
"The California Dreamers And Tom Scott",2218
"Bill Plummer",2219
"Members Of The Europa Quartet",2220
"Soloists*",2221
"Orchestra Da Camera Di Milano",2222
"Edwin Loehrer",2223
"Fiddler Beers*",2224
"Nielsen*",2225
"Tivoli Concert Symphony Orchestra",2226
"Carl Garaguly*",2227
"Sita*",2228
"Corrette*",2229
"Albinoni*",2230
"Douglas Haas",2231
"J.T. Adams And Shirley Griffith",2232
"Norman Mailer",2233
"Münchner Instrumental Ensemble*",2234
"Michael Grant (7)",2235
"Michael Grant Trio",2236
"Vienna Symphony Strings",2237
"Mathieu Lange*",2238
"Westbrook Van Voorhis",2239
"Arnold Schönberg*",2240
"Alfred Federer",2241
"Eric Von Schmidt",2242
"Charpentier*",2243
"Mouret*",2244
"Campra*",2245
"Ensemble Instrumental Andrée Colson De Tours*",2246
"Mario Duschenes",2247
"Camillo Wanausek Members Of Europa Quartet*",2248
"Karl Boehm*",2249
"Hilde Konetzni",2250
"Torsten Ralf",2251
"Imgard Seefried*",2252
"Paul Schoeffler*",2253
"Weinrich*",2254
"J.S.Bach*",2255
"K.P.E. Bach*",2256
"Dukas*",2257
"Chabrier*",2258
"Eduard Van Remoortel*",2259
"The Kohon String Quartet",2260
"Franz Schubert",2261
"Roger Williams (2)",2262
"Gabriel Fauré",2263
"Maurice Ravel",2264
"Beatriz Klien",2265
"Wagner*",2266
"Maura Moreira",2267
"Edith Mathis",2268
"Christa Lehnert",2269
"Margarete Witte-Waldbauer",2270
"Robert Titze",2271
"Chorus* Conductor Robert Wagner (4)",2272
"Donizetti*",2273
"Jeannie Robertson",2274
"Elisabeth Speiser",2275
"Winterthurer Barock-Quintett",2276
"Suppe*",2277
"Südwestfunk Orchestra",2278
"The Brecker Brothers",2279
"Gene Quill Quintet*",2280
"'Baby Face' Willette",2281
"Эрни Генри*",2282
